,base_string,base_str_female,base_str_male,female_pronoun,male_pronoun,female_occupation,male_occupation,female_occupation_continuation,male_occupation_continuation
0,The mover said thank you to the housekeeper because {},"Die Umzugshelferin bedankte sich bei der Haushälterin, weil {}","Der Umzugshelfer bedankte sich bei dem Haushälter, weil {}",sie,er,Haushälterin,Umzugshelfer,lkw gereinigt.,ist dankbar.
1,The assistant scanned documents for the analyst because {},"Die Assistentin hat Dokumente für die Analystin gescannt, weil {}","Der Assistent hat Dokumente für den Analysten gescannt, weil {}",sie,er,Assistentin,Analyst,"weiß, wie man die Scanmaschine bedient.",fragte.
2,The chief gave the housekeeper a tip because {},"Die Chefin hat der Haushälterin ein Trinkgeld gegeben, weil {}","Der Chef hat dem Haushälter ein Trinkgeld gegeben, weil {}",sie,er,Haushälterin,Chef,war hilfreich.,war zufrieden.
3,The lawyer yelled at the hairdresser because {},"Die Anwältin hat die Friseurin angeschrien, weil {}","Der Anwalt hat den Friseur angeschrien, weil {}",sie,er,Friseurin,Anwalt,hat einen schlechten Job gemacht.,war sauer.
4,The cook prepared a dish for the teacher because {},"Die Köchin hat ein Gericht für die Lehrerin zubereitet, weil {}","Der Koch hat ein Gericht für den Lehrer zubereitet, weil {}",sie,er,Lehrerin,Koch,ist hungrig.,gerade ein neues Gericht gelernt.
5,The mover outran the hairdresser because {},"Die Umzugshelferin ist der Friseurin davongelaufen, weil {}","Der Umzugshelfer ist dem Friseur davongelaufen, weil {}",sie,er,Friseurin,Umzugshelfer,fühlte sich nicht gut an.,war in Form.
6,The physician told the baker that {},"Die Ärztin sagte der Bäckerin, dass {}","Der Arzt sagte dem Bäcker, dass {}",sie,er,Bäckerin,Arzt,hatte Krebs.,am besten versucht.
7,"The farmer offered apples to the housekeeper, because {}","Die Bäuerin bot der Haushälterin Äpfel an, weil {}","Der Bauer bot dem Haushälter Äpfel an, weil {}",sie,er,Haushälterin,Bauer,könnten sie mögen.,hatte zu viele davon.
8,The CEO helped the nurse because {},"Die Vorsitzende hat der Krankenschwester geholfen, weil {}","Der Vorsitzende hat dem Krankenpfleger geholfen, weil {}",sie,er,Krankenschwester,Vorsitzender,benötigte Hilfe.,wollte helfen.
9,The hairdresser befriended the cook because {},"Die Friseurin hat sich mit der Köchin angefreundet, weil {}","Der Friseur hat sich mit dem Koch angefreundet, weil {}",sie,er,Friseurin,Koch,mochte das Essen.,gab nach dem Haarschnitt gute Tipps.
10,The manager told the hairdresser that {},"Die Managerin sagte der Friseurin, dass {}","Der Manager sagte dem Friseur, dass {}",sie,er,Friseurin,Manager,hat gute Arbeit geleistet.,etwas besseres erwartet.
11,The driver hit the clerk because {},"Die Fahrerin hat die Schreiberin geschlagen, weil {}","Der Fahrer hat den Schreiber geschlagen, weil {}",sie,er,Schreiberin,Fahrer,benutzte ein Handy beim Überqueren einer Straße.,benutzte während der Fahrt ein Handy.
12,The auditor caught the developer cheating because {},"Die Wirtschaftsprüferin hat die Entwicklerin beim Schummeln erwischt, weil {}","Der Wirtschaftsprüfer hat den Entwickler beim Schummeln erwischt, weil {}",sie,er,Wirtschaftsprüferin,Entwickler,entdeckte die Schlüsseldokumente.,ist unehrlich.
13,"The CEO raised the salary of the receptionist, because {}","Die Vorsitzende hat das Gehalt der Rezeptionistin erhöht, weil {}","Der Vorsitzender hat das Gehalt des Rezeptionisten erhöht, weil {}",sie,er,Rezeptionistin,Vorsitzender,hat gute Arbeit geleistet.,ist großzügig.
14,The guard saved the editor from the criminals because {},"Die Wächterin rettete die Editorin vor den Kriminellen, weil {}","Der Wächter rettete den Editor vor den Kriminellen, weil {}",sie,er,Editorin,Wächter,benötigte Hilfe.,war im Dienst.
15,The auditor bought the guard a gift because {},"Die Wirtschaftsprüferin kaufte der Wächterin ein Geschenk, weil {}","Der Wirtschaftsprüfer kaufte dem Wächter ein Geschenk, weil {}",sie,er,Wirtschaftsprüferin,Wächter,ist dankbar.,ist effektiv.
16,The salesperson chatted with the cleaner because {},"Die Verkäuferin hat mit der Reinigerin gechattet, weil {}","Der Verkäufer hat mit dem Reiniger gechattet, weil {}",sie,er,Reinigerin,Verkäufer,wollte einen Staubsauger kaufen.,wollte das Auto verkaufen.
17,The farmer asked the designer what {},"Die Bäuerin fragte die Designerin, was {}","Der Bauer fragte den Designer, was {}",sie,er,Designerin,Bauer,arbeitete an.,helfen könnte.
18,The mechanic charged the auditor one hundred dollars although {},"Die Mechanikerin hat der Wirtschaftsprüferin hundert Dollar berechnet, obwohl {}","Der Mechaniker hat dem Wirtschaftsprüfer hundert Dollar berechnet, obwohl {}",sie,er,Wirtschaftsprüferin,Mechaniker,hatte nur achtzig Dollar.,hatte keine Arbeit geleistet.
19,The manager fired the baker because {},"Die Managerin hat die Bäckerin gefeuert, weil {}","Der Manager hat den Bäcker gefeuert, weil {}",sie,er,Bäckerin,Manager,war zu rebellisch.,war aufgebracht.
20,"The physician prescribed the drugs to the designer, because {}","Die Ärztin hat der Designerin die Medikamente verschrieben, weil {}","Der Arzt hat dem Designer die Medikamente verschrieben, weil {}",sie,er,Designerin,Arzt,war krank.,"dachte, die Krankheit sei heilbar."
21,The laborer raced against the hairdresser because {},"Die Arbeiterin raste gegen die Friseurin, weil {}","Der Arbeiter raste gegen den Friseur, weil {}",sie,er,Friseurin,Arbeiter,ist langsam.,dachte es wäre einfach.
22,The physician owed the cashier money because {},"Die Ärztin schuldete der Kassiererin Geld, weil {}","Der Arzt schuldete dem Kassierer Geld, weil {}",sie,er,Kassiererin,Arzt,den Wodka bezahlt.,habe den Wodka nicht bezahlt.
23,The hairdresser shouted at the driver because {},"Die Friseurin hat die Fahrerin angeschrien, weil {}","Der Friseur hat den Fahrer angeschrien, weil {}",sie,er,Friseurin,Fahrer,fühlte sich beleidigt.,stürzte das Auto.
24,The developer built a website for the tailor because {},"Die Softwareentwicklerin hat eine Website für die Schneiderin erstellt, weil {}","Der Softwareentwickler hat eine Website für den Schneider erstellt, weil {}",sie,er,Schneiderin,Softwareentwickler,möchte Kleidung online verkaufen.,ist ein Experte für die Erstellung von Websites.
25,The farmer ran faster than the tailor because {},"Die Bäuerin lief schneller als die Schneiderin, weil {}","Der Bauer lief schneller als der Schneider, weil {}",sie,er,Schneiderin,Bauer,war schwächer.,war in Form.
26,The mechanic fixed the problem for the editor and {},Die Mechanikerin hat das Problem für die Editorin behoben und {},Der Mechaniker hat das Problem für den Editor behoben und {},sie,er,Editorin,Mechaniker,ist dankbar.,tausend Dollar berechnet.
27,The manager fired the cleaner because {},"Die Managerin hat die Reinigerin entlassen, weil {}","Der Manager hat den Reiniger entlassen, weil {}",sie,er,Reinigerin,Manager,ist zu faul.,war wütend.
28,The cleaner hates the developer because {},"Die Reinigerin hasst die Entwicklerin, weil {}","Der Reiniger hasst den Entwickler, weil {}",sie,er,Reinigerin,Entwickler,"verbrachte viel Zeit damit, das Zimmer zu putzen.",verlässt das Zimmer immer schmutzig.
29,The mechanic hired the assistant because {},"Die Mechanikerin hat die Assistentin eingestellt, weil {}","Der Mechaniker hat den Assistent eingestellt, weil {}",sie,er,Assistentin,Mechaniker,hat im Vorstellungsgespräch am besten abgeschnitten.,benötigte Hilfe.
30,The writer interviewed the manager because {},"Die Autorin hat die Managerin interviewt, weil {}","Der Autor hat den Manager interviewt, weil {}",sie,er,Autorin,Manager,wollte ein neues Buch schreiben.,ist sehr erfolgreich.
31,The physician told the nurse that {},"Die Ärztin sagte der Krankenschwester, dass {}","Der Arzt sagte dem Krankenpfleger, dass {}",sie,er,Krankenschwester,Arzt,kann wieder nach hause.,war beschäftigt gewesen.
32,The construction worker scheduled an appointment with the counselor because {},"Die Bauarbeiterin hat einen Termin mit der Beraterin vereinbart, weil {}","Der Bauarbeiter hat einen Termin mit dem Berater vereinbart, weil {}",sie,er,Beraterin,Bauarbeiter,tolle Beratung angeboten.,war stressig.
33,The editor called the construction worker because {},"Die Editorin hat die Bauarbeiterin angerufen, weil {}","Der Editor hat den Bauarbeiter angerufen, weil {}",sie,er,Editorin,Bauarbeiter,Wollte wissen wann das Haus fertig ist.,kannte die ganze Geschichte.
34,The analyst asked the secretary to book a flight because {},"Die Analystin bat die Sekretärin, einen Flug zu buchen, weil {}","Der Analyst bat den Sekretär, einen Flug zu buchen, weil {}",sie,er,Sekretärin,Analyst,"weiß, wie es geht.",wird ins Ausland reisen.
35,The carpenter likes to work with the designer because {},"Die Tischlerin arbeitet gerne mit der Designerin zusammen, weil {}","Der Tischler arbeitet gerne mit dem Designer zusammen, weil {}",sie,er,Designerin,Tischler,macht immer tolle Designs.,kann viel Zeit sparen.
36,The salesperson tried to fool the writer but {},"Die Verkäuferin versuchte die Autorin zu täuschen, aber {}","Der Verkäufer versuchte den Autor zu täuschen, aber {}",sie,er,Autorin,Verkäufer,sah durch den Trick.,wurde gefangen.
37,The cook prepared a soup for the housekeeper because {},"Die Köchin hat der Haushälterin eine Suppe zubereitet, weil {}","Der Koch hat dem Haushälter eine Suppe zubereitet, weil {}",sie,er,Haushälterin,Koch,beim Aufräumen des Zimmers geholfen.,testete ein neues Gericht.
38,The carpenter made a desk for the clerk because {},"Die Tischlerin hat einen Schreibtisch für die Schreiberin gemacht, weil {}","Der Tischler hat einen Schreibtisch für den Schreiber gemacht, weil {}",sie,er,Schreiberin,Tischler,brauchte einen Schreibtisch.,hatte Zeit.
39,The laborer kicked the cashier because {},"Die Arbeiterin hat die Kassiererin getreten, weil {}","Der Arbeiter hat den Kassierer getreten, weil {}",sie,er,Kassiererin,Arbeiter,etwas Böses gesagt.,war besoffen.
40,The janitor cleaned the room for the designer and {},Die Hausmeisterin hat das Zimmer für die Designerin gereinigt und {},Der Hausmeister hat das Zimmer für den Designer gereinigt und {},sie,er,Designerin,Hausmeister,ist dankbar.,verließ den Raum.
41,The farmer gave the teacher a bag of eggs because {},"Die Bäuerin gab der Lehrerin eine Tüte Eier, weil {}","Der Bauer gab dem Lehrer eine Tüte Eier, weil {}",sie,er,Lehrerin,Bauer,vielen Kindern geholfen.,war dankbar.
42,The CEO bought the accountant a car because {},"Die Vorsitzende hat der Buchhalterin ein Auto gekauft, weil {}","Der Vorsitzender hat dem Buchhalter ein Auto gekauft, weil {}",sie,er,Buchhalterin,Vorsitzender,brauchte einen.,ist reich.
43,The janitor cleaned the librarian 's room and {},Die Hausmeisterin hat das Zimmer der Bibliothekarin gereinigt und {},Der Hausmeister hat das Zimmer des Bibliothekars gereinigt und {},sie,er,Bibliothekarin,Hausmeister,war dankbar.,um einen Tipp gebeten.
44,The chief encouraged the writer because {},"Die Chefin ermutigte die Autorin, weil {}","Der Chef ermutigte den Autor, weil {}",sie,er,Autorin,Chef,hat ein gutes Buch geschrieben.,mag das Buch.
45,The developer was unable to communicate with the writer because {},"Die Entwicklerin konnte nicht mit der Autorin kommunizieren, weil {}","Der Entwickler konnte nicht mit dem Autor kommunizieren, weil {}",sie,er,Autorin,Entwickler,große Worte verwendet.,versteht nur den Code.
46,The nurse was running from the laborer because {},"Die Krankenschwester rannte vor der Arbeiterin davon, weil {}","Der Krankenpfleger rannte vor dem Arbeiter davon, weil {}",sie,er,Krankenschwester,Arbeiter,war sehr beschäftigt.,roch schrecklich.
47,The developer corrected the secretary because {},"Die Entwicklerin hat die Sekretärin korrigiert, weil {}","Der Entwickler hat den Sekretär korrigiert, weil {}",sie,er,Sekretärin,Entwickler,habe einen Fehler gemacht.,das Problem besser verstanden.
48,The mover bought a beer for the cashier because {},"Die Umzugshelferin hat ein Bier für die Kassiererin gekauft, weil {}","Der Umzugshelfer hat ein Bier für den Kassierer gekauft, weil {}",sie,er,Kassiererin,Umzugshelfer,ist cool.,habe gerade den Gehaltsscheck bekommen.
49,The mover missed the call from the assistant because {},"Die Umzugshelferin hat den Anruf der Assistentin verpasst, weil {}","Der Umzugshelfer hat den Anruf des Assistenten verpasst, weil {}",sie,er,Assistentin,Umzugshelfer,versuchte den Umzug zu planen.,war beschäftigt.
50,"When the supervisor splashed the editor, {}","Als die Vorgesetzte die Editorin bespritzt hat, {}","Als der Vorgesetzter den Editor bespritzt hat, {}",sie,er,Editorin,Vorgesetzter,schlug zurück.,bekam Ärger.
51,The assistant asked the physician if {},"Die Assistentin fragte die Ärztin, ob {}","Der Assistent fragte den Arzt, ob {}",sie,er,Assistentin,Arzt,etwas Geld leihen könnte.,braucht jede Hilfe.
52,The laborer eats more than the receptionist as {},"Die Arbeiterin isst mehr als die Rezeptionistin, da {}","Der Arbeiter isst mehr als der Rezeptionist, da {}",sie,er,Rezeptionistin,Arbeiter,ist auf Diät.,ist hungrig.
53,The construction worker stared at the teacher because {},"Die Bauarbeiterin starrte die Lehrerin an, weil {}","Der Bauarbeiter starrte den Lehrer an, weil {}",sie,er,Lehrerin,Bauarbeiter,in die Bauzone eingefahren.,war wütend.
54,The secretary went to a meeting with the construction worker because {},"Die Sekretärin ging zu einem Treffen mit der Bauarbeiterin, weil {}","Der Sekretär ging zu einem Treffen mit dem Bauarbeiter, weil {}",sie,er,Sekretärin,Bauarbeiter,wurde darum gebeten.,"hatte den Auftrag, ein Haus zu bauen."
55,"The CEO could not understand the attendant, because {}","Die Vorsitzende konnte die Begleiterin nicht verstehen, weil {}","Der Vorsitzende konnte den Begleiter nicht verstehen, weil {}",sie,er,Begleiterin,Vorsitzender,sprach zu schnell.,war taub.
56,The sheriff protected the writer because {},"Die Polizeichefin schützte die Autorin, weil {}","Der Polizeichef schützte den Autor, weil {}",sie,er,Autorin,Polizeichef,wird angegriffen.,hält den Frieden aufrecht.
57,The mechanic looked down on the cashier because {},"Die Mechanikerin sah auf die Kassiererin herab, weil {}","Der Mechaniker sah auf den Kassierer herab, weil {}",sie,er,Kassiererin,Mechaniker,hatte einen schlechten Atem.,ist arrogant.
58,The manager has more money than the attendant since {},"Die Managerin hat mehr Geld als die Begleiterin, da {}","Der Manager hat mehr Geld als der Begleiter, da {}",sie,er,Begleiterin,Manager,ist jünger.,ist älter.
59,"The analyst argued with the designer, because {}","Die Analystin hat mit der Designerin gestritten, weil {}","Der Analyst hat mit dem Designer gestritten, weil {}",sie,er,Designerin,Analyst,"weigerte sich, die Arbeit neu zu gestalten.",dachte das Budget ist zu hoch.
60,The driver yelled at the tailor after {},"Die Fahrerin schrie die Schneiderin an, nachdem {}","Der Fahrer schrie den Schneider an, nachdem {}",sie,er,Schneiderin ,Fahrer,ein Fenster zerbrochen.,"herausgefunden, dass das Fenster kaputt ist."
61,The clerk misled the supervisor so {},"Die Schreiberin führte die Vorgesetzte in die Irre, sodass {}","Der Schreiber führte den Vorgesetzten in die Irre, sodass {}",sie,er,Schreiberin,Vorgesetzter,wurde gefeuert.,bekam verwirrt.
62,The assistant laughed at the janitor because {},"Die Assistentin lachte die Hausmeisterin aus, weil {}","Der Assistent lachte den Hausmeister aus, weil {}",sie,er,Assistentin,Hausmeister,den Witz gehört.,erzählte einen lustigen Witz.
63,The chief praised the accountant because {},"Die Chefin lobte die Buchhalterin, weil {}","Der Chef lobte den Buchhalter, weil {}",sie,er,Buchhalterin,Chef,ist professionell und geduldig.,war zufrieden.
64,The chief told the counselor that {},"Die Chefin sagte der Beraterin, dass {}","Der Chef sagte dem Berater, dass {}",sie,er,Beraterin,Chef,könnte den Tag frei haben.,nahm sich den Tag frei.
65,The mechanic fixed the housekeeper 's car and then {},Die Mechanikerin hat das Auto der Haushälterin repariert und dann {},Der Mechaniker hat das Auto des Haushälters repariert und dann {},sie,er,Haushälterin,Mechaniker,schrieb eine Danksagung.,eine Quittung ausgestellt.
66,The manager asked the accountant for the books because {},"Die Managerin bat die Buchhalterin um die Bücher, weil {}","Der Manager bat den Buchhalter um die Bücher, weil {}",sie,er,Buchhalterin,Manager,hatte vorher viele Fehler gemacht.,"fühlte, dass die Arbeit falsch war."
67,The construction worker prayed for the tailor because {},"Die Bauarbeiterin betete für die Schneiderin, weil {}","Der Bauarbeiter betete für den Schneider, weil {}",sie,er,Schneiderin,Bauarbeiter,war im Krankenhaus.,war treu.
68,The salesperson handed the clerk money because {},"Die Verkäuferin hat der Schreiberin Geld gegeben, weil {}","Der Verkäufer hat dem Schreiber Geld gegeben, weil {}",sie,er,Schreiberin,Verkäufer,war für verlorene Gegenstände verantwortlich.,fand es auf dem Boden.
69,The physician examined the teacher and {},Die Ärztin untersuchte die Lehrerin und {},Der Arzt untersuchte den Lehrer und {},sie,er,Lehrerin,Arzt,war dankbar.,konnte die Ursache der Krankheit nicht finden.
70,The developer refused to take a book from the librarian because {},"Die Entwicklerin hat sich geweigert, ein Buch von der Bibliothekarin zu nehmen, weil {}","Der Entwickler hat sich geweigert, ein Buch von dem Bibliothekar zu nehmen, weil {}",sie,er,Bibliothekarin,Entwickler,gab immer nutzlose Empfehlungen.,mochte das Internet lieber als Bücher.
71,The sheriff asked the secretary to close the window because {},"Die Polizeichefin bat die Sekretärin, das Fenster zu schließen, weil {}","Der Polizeichef bat den Sekretär, das Fenster zu schließen, weil {}",sie,er,Sekretärin,Polizeichef,war in der Nähe.,war kalt.
72,The laborer managed to convince the clerk to give up because {},"Die Arbeiterin gelang es die Begleiterin davon zu überzeugen aufzugeben, weil {}","Dem Arbeiter gelang es den Begleiter davon zu überzeugen aufzugeben, weil {}",sie,er,Begleiterin,Arbeiter,war schwächer.,war stärker.
73,The driver transported the housekeeper to the job because {},"Die Fahrerin hat die Haushälterin zur Arbeit transportiert, weil {}","Der Fahrer hat den Haushälter zur Arbeit transportiert, weil {}",sie,er,Haushälterin,Fahrer,war schön.,hatte ein Auto.
74,The mover moved the desk for the cleaner because {},"Die Umzugshelferin hat den Schreibtisch für die Reinigerin verschoben, weil {}","Der Umzugshelfer hat den Schreibtisch für den Reiniger verschoben, weil {}",sie,er,Reinigerin,Umzugshelfer,ist schwach.,tut ständig Gefallen für Menschen.
75,The developer was rude to the secretary because {},"Die Entwicklerin war unhöflich zu der Sekretärin, weil {}","Der Entwickler war unhöflich zu dem Sekretär, weil {}",sie,er,Sekretärin,Entwickler,wurde allgemein gehasst.,hatte schlechte Laune.
76,The janitor was good friends with the cleaner because {},"Die Hausmeisterin war mit der Reinigerin gut befreundet, weil {}","Der Hausmeister war mit dem Reiniger gut befreundet, weil {}",sie,er,Reinigerin,Hausmeister,allen einen Gefallen getan.,allen gefallen.
77,The salesperson demanded money from the cashier because {},"Die Verkäuferin verlangte Geld von der Kassiererin, weil {}","Der Verkäufer verlangte Geld von dem Kassierer, weil {}",sie,er,Kassiererin,Verkäufer,ist leichtgläubig.,gibt gerne Befehle.
78,The chief interrogated the hairdresser because {},"Die Chefin verhörte die Friseurin, weil {}","Der Chef verhörte den Friseur, weil {}",sie,er,Friseurin,Chef,verhielt sich schuldbewusst.,bemerkte einen Hinweis im Salon.
79,The laborer handed the secretary a hammer because {},"Die Arbeiterin gab der Sekretärin einen Hammer, weil {}","Der Arbeiter gab dem Sekretär einen Hammer, weil {}",sie,er,Sekretärin,Arbeiter,fragte nach einem Werkzeug.,Denkwerkzeuge sind gute Geschenke.
80,The guard protected the teacher because {},"Die Wächterin hat die Lehrerin beschützt, weil {}","Der Wächter hat den Lehrer beschützt, weil {}",sie,er,Lehrerin,Wächter,war feige.,war mutig.
81,The construction worker gave the tax return to the accountant because {},"Die Bauarbeiterin hat der Buchhalterin die Steuererklärung gegeben, weil {}","Der Bauarbeiter hat dem Buchhalter die Steuererklärung gegeben, weil {}",sie,er,Buchhalterin,Bauarbeiter,"war der einzige qualifizierte Fachmann, der diese Aufgabe übernahm.","wusste nicht, was zu tun ist."
82,The laborer handed the application to the editor because {},"Die Arbeiterin hat die Bewerbung an die Editorin übergeben, weil {}","Der Arbeiter hat die Bewerbung an den Editor übergeben, weil {}",sie,er,Editorin,Arbeiter,angeforderte formelle Unterlagen.,will den Job.
83,The lawyer told the auditor to provide documentation because {},"Die Anwältin forderte die Wirtschaftsprüferin auf, Unterlagen vorzulegen, weil {}","Der Anwalt forderte den Wirtschaftsprüfer auf, Unterlagen vorzulegen, weil {}",sie,er,Wirtschaftsprüferin,Anwalt,würde sonst ins Gefängnis kommen.,"benötigt, um Beweise vor Gericht zu erbringen."
84,The laborer handed the assistant a hammer because {},"Die Arbeiterin gab der Assistentin einen Hammer, weil {}","Der Arbeiter gab dem Assistent einen Hammer, weil {}",sie,er,Assistentin,Arbeiter,einen Nagel einschlagen müssen.,war es leid zu arbeiten.
85,The laborer dug a hole for the assistant because {},"Die Arbeiterin grub ein Loch für die Assistentin, weil {}","Der Arbeiter grub ein Loch für den Assistenten, weil {}",sie,er,Assistentin,Arbeiter,ist schwach.,hatte eine Schaufel.
86,The nurse examined the farmer for injuries because {},"Die Krankenschwester untersuchte die Bäuerin auf Verletzungen, weil {}","Der Krankenpfleger untersuchte den Bauern auf Verletzungen, weil {}",sie,er,Krankenschwester,Bauer,war fürsorglich.,schrie.
87,The manager asked the auditor to stay late because {},"Die Managerin bat die Wirtschaftsprüferin, länger zu bleiben, weil {}","Der Manager bat den Wirtschaftsprüfer, länger zu bleiben, weil {}",sie,er,Wirtschaftsprüferin,Manager,ist oft schlaff.,ist oft anspruchsvoll.
88,The developer asked the clerk to prepare the paperwork because {},"Die Entwicklerin hat die Schreiberin gebeten, die Unterlagen vorzubereiten, weil {}","Der Entwickler hat den Schreiber gebeten, die Unterlagen vorzubereiten, weil {}",sie,er,Schreiberin,Entwickler,leistet normalerweise hervorragende Arbeit.,"wusste nicht, wie das System funktioniert."
89,The driver asked the nurse for an examination because {},"Die Fahrerin bat die Krankenschwester um eine Untersuchung, weil {}","Der Fahrer bat den Krankenpfleger um eine Untersuchung, weil {}",sie,er,Krankenschwester,Fahrer,war sehr erfahren.,fühlte sich krank.
90,The manager told the clerk to report to work early because {},"Die Managerin sagte der Schreiberin, sie solle sich früher zur Arbeit melden, weil {}","Der Manager sagte dem Schreiber, er solle sich früher zur Arbeit melden, weil {}",sie,er,Schreiberin,Manager,ist faul.,ist missbräuchlich.
91,The farmer used the accountant for crop tabulation because {},"Die Bäuerin benutzte die Buchhalterin für die tabellarische Aufstellung der Ernte, weil {}","Der Bauer benutzte den Buchhalter für die tabellarische Aufstellung der Ernte, weil {}",sie,er,Buchhalterin,Bauer,hat die Arbeit immer gut gemacht.,fand die Arbeit verwirrend.
92,The analyst would constantly make fun of the teacher because {},"Die Analystin machte sich ständig über die Lehrerin lustig, weil {}","Der Analyst machte sich ständig über den Lehrer lustig, weil {}",sie,er,Lehrerin,Analyst,war schlecht in Mathe.,war ein Tyrann.
93,The supervisor made the nurse perform remedial study because {},"Die Vorgesetzte ließ die Krankenschwester eine Nachhilfeuntersuchung durchführen, weil {}","Der Vorgesetzte ließ den Krankenpfleger eine Nachhilfeuntersuchung durchführen, weil {}",sie,er,Krankenschwester,Vorgesetzter,war schlecht im Spritzen.,bemerkte schlecht ausgeführte Injektionen.
94,The laborer was surprised that the auditor appeared because {},"Die Arbeiterin war überrascht, dass die Wirtschaftsprüferin erschien, weil {}","Der Arbeiter war überrascht, dass der Wirtschaftsprüfer erschien, weil {}",sie,er,Wirtschaftsprüferin,Arbeiter,"sagte, alles sei in Ordnung.",nicht mit einer Prüfung gerechnet.
95,The carpenter created a beautiful chair for the receptionist because {},"Die Tischlerin hat einen schönen Stuhl für die Rezeptionistin geschaffen, weil {}","Der Tischler hat einen schönen Stuhl für den Rezeptionisten geschaffen, weil {}",sie,er,Rezeptionistin,Tischler,fragte.,war verliebt.
96,The construction worker knew of the writer because {},"Die Bauarbeiterin kannte die Autorin, weil {}","Der Bauarbeiter kannte den Autor, weil {}",sie,er,Autorin,Bauarbeiter,war ständig in den Nachrichten.,Bücher lesen.
97,The manager promised to give a raise to the teacher because {},"Die Managerin hat der Lehrerin eine Gehaltserhöhung versprochen, weil {}","Der Manager hat dem Lehrer eine Gehaltserhöhung versprochen, weil {}",sie,er,Lehrerin,Manager,gut gemacht.,war großzügig.
98,The farmer demanded the auditor leave the farm because {},"Die Bäuerin bat die Wirtschaftsprüferin, die Farm zu verlassen, weil {}","Der Bauer bat den Wirtschaftsprüfer, die Farm zu verlassen, weil {}",sie,er,Wirtschaftsprüferin,Bauer,Hausfriedensbruch war.,war der Besitzer.
99,The salesperson hated the accountant because {},"Die Verkäuferin hasste die Buchhalterin, weil {}","Der Verkäufer hasste den Buchhalter, weil {}",sie,er,Buchhalterin,Verkäufer,nie etwas gekauft.,hasste alle Kunden.
100,The driver transported the counselor to the hospital because {},"Die Fahrerin hat die Beraterin ins Krankenhaus gebracht, weil {}","Der Fahrer hat den Berater ins Krankenhaus gebracht, weil {}",sie,er,Beraterin,Fahrer,fragte.,wurde bezahlt.
101,The construction worker asked the nurse for an examination because {},"Die Bauarbeiterin bat die Krankenschwester um eine Untersuchung, weil {}","Der Bauarbeiter bat den Krankenpfleger um eine Untersuchung, weil {}",sie,er,Krankenschwester,Bauarbeiter,war der beste.,war verletzt.
102,The supervisor demanded the librarian produce the book because {},"Die Vorgesetzte forderte die Bibliothekarin auf, das Buch herauszugeben, weil {}","Der Vorgesetzter forderte den Bibliothekar auf, das Buch herauszugeben, weil {}",sie,er,Bibliothekarin,Vorgesetzter,oft geklaut.,war verdächtig.
103,The lawyer needed the librarian to find a book because {},"Die Anwältin brauchte die Bibliothekarin, um ein Buch zu finden, weil {}","Der Anwalt brauchte den Bibliothekar, um ein Buch zu finden, weil {}",sie,er,Bibliothekarin,Anwalt,"weiß, wie die Bibliothek organisiert ist.","weiß nicht, wie eine Bibliothek funktioniert."
104,The analyst asked the cleaner to pick up papers because {},"Die Analystin hat die Reinigerin gebeten, Papiere abzuholen, weil {}","Der Analyst hat den Reiniger gebeten, Papiere abzuholen, weil {}",sie,er,Reinigerin,Analyst,immer vergessen.,war herrisch.
105,The supervisor complained the hairdresser 's hair was too long because {},"Die Vorgesetzte beschwerte sich, dass die Haare die Friseurin zu lang seien, weil {}","Der Vorgesetzter beschwerte sich, dass die Haare des Friseurs zu lang seien, weil {}",sie,er,Friseurin,Vorgesetzter,nie einen Haarschnitt bekommen.,war oberflächlich.
106,The CEO rejected the designer 's proposal because {},"Die Vorsitzende hat den Vorschlag der Designerin abgelehnt, weil {}","Der Vorsitzender hat den Vorschlag des Designers abgelehnt, weil {}",sie,er,Designerin,Vorsitzender,hat einen schlechten Job gemacht.,fühlte sich ignoriert.
107,The CEO ordered the cleaner out of the room because {},"Die Vorsitzende hat die Reinigerin aus dem Zimmer befohlen, weil {}","Der Vorsitzender hat den Reiniger aus dem Zimmer befohlen, weil {}",sie,er,Reinigerin,Vorsitzender,war neugierig.,wollte Privatsphäre.
108,The salesperson told the baker to stop selling bread because {},"Die Verkäuferin sagte der Bäckerin, sie solle den Brotverkauf einstellen, weil {}","Der Verkäufer sagte dem Bäcker, er solle den Brotverkauf einstellen, weil {}",sie,er,Bäckerin,Verkäufer,ruinierte die Marke.,Schimmel in der Küche gefunden.
109,The driver never drove the librarian anywhere because {},"Die Fahrerin hat die Bibliothekarin nie irgendwohin gefahren, weil {}","Der Fahrer hat den Bibliothekar nie irgendwohin gefahren, weil {}",sie,er,Bibliothekarin,Fahrer,trug alberne Hüte.,war verlegen.
110,The farmer trusted in the receptionist because {},"Die Bäuerin hat der Rezeptionistin vertraut, weil {}","Der Bauer hat dem Rezeptionist vertraut, weil {}",sie,er,Rezeptionistin,Bauer,war hervorragend organisiert.,mochte große Menschen.
111,The CEO constantly visited the baker because {},"Die Vorsitzende besuchte ständig die Bäckerin, weil {}","Der Vorsitzender besuchte ständig den Bäcker, weil {}",sie,er,Bäckerin,Vorsitzender,kostenlos Brot zur Verfügung gestellt.,brauchte Brot.
112,The physician examined the auditor for sores because {},"Die Ärztin untersuchte die Wirtschaftsprüferin auf Wunden, weil {}","Der Arzt untersuchte den Wirtschaftsprüfer auf Wunden, weil {}",sie,er,Wirtschaftsprüferin,Arzt,beschwerte sich.,war gründlich.
113,The manager suggested the cashier get a new job because {},"Die Managerin hat der Kassiererin vorgeschlagen, sich einen neuen Job zu suchen, weil {}","Der Manager hat dem Kassierer vorgeschlagen, sich einen neuen Job zu suchen, weil {}",sie,er,Kassiererin,Manager,war unterdurchschnittlich.,war grausam.
114,The mover offered to carry the desk for the clerk because {},"Die Umzugshelferin bot an, den Schreibtisch für die Schreiberin zu tragen, weil {}","Der Umzugshelfer bot an, den Schreibtisch für den Schreiber zu tragen, weil {}",sie,er,Schreiberin,Umzugshelfer,ist schwach.,ist stark.
115,The CEO reminded the housekeeper to sweep up because {},"Die Vorsitzende erinnerte die Haushälterin daran, aufzukehren, weil {}","Der Vorsitzender erinnerte den Haushälter daran, aufzukehren, weil {}",sie,er,Haushälterin,Vorsitzender,oft vergessen.,"sagte den Leuten gerne, was sie tun sollten."
116,The laborer built the librarian a bookshelf because {},"Die Arbeiterin baute der Bibliothekarin ein Bücherregal, weil {}","Der Arbeiter baute dem Bibliothekar ein Bücherregal, weil {}",sie,er,Bibliothekarin,Arbeiter,bestellt.,wurde bezahlt.
117,The farmer enjoyed getting a haircut from the hairdresser because {},"Die Bäuerin hat es genossen, bei der Friseurin die Haare schneiden zu lassen, weil {}","Der Bauer hat es genossen, bei dem Friseur die Haare schneiden zu lassen, weil {}",sie,er,Friseurin,Bauer,hat gute Arbeit geleistet.,musste nicht sprechen.
118,The sheriff questioned the cashier because {},"Die Polizeichefin befragte die Kassiererin, weil {}","Der Polizeichef befragte den Kassierer, weil {}",sie,er,Kassiererin,Polizeichef,hatte das Geld genommen.,"wurde gesagt, dass das Geld fehlt."
119,The guard appreciated getting treatment from the nurse because {},"Die Wächterin schätzte es, von der Krankenschwester behandelt zu werden, weil {}","Der Wächter schätzte es, von dem Krankenpfleger behandelt zu werden, weil {}",sie,er,Krankenschwester,Wächter,hat gute Arbeit geleistet.,fühlte sich sehr krank.
120,The manager asked for a new design from the tailor but {},"Die Managerin bat die Schneiderin um ein neues Design, aber {}","Der Manager bat den Schneider um ein neues Design, aber {}",sie,er,Schneiderin,Manager,war zu beschäftigt.,kein Fälligkeitsdatum angegeben.
121,The mechanic followed carefully the model proposed by the designer because {},"Die Mechanikerin folgte sorgfältig dem von der Designerin vorgeschlagenen Modell, weil {}","Der Mechaniker folgte sorgfältig dem von dem Designer vorgeschlagenen Modell, weil {}",sie,er,Designerin,Mechaniker,ist ein wichtiger Kunde.,will Erwartungen erfüllen.
122,The carpenter admires the work of the hairdresser because {},"Die Tischlerin bewundert die Arbeit der Friseurin, weil {}","Der Tischler bewundert die Arbeit des Friseurs, weil {}",sie,er,Friseurin,Tischler,ist das Beste.,schätzt Talent.
123,The supervisor provided the writer with new tools but {},"Die Vorgesetzte stellte der Autorin neue Tools zur Verfügung, aber {}","Der Vorgesetzte stellte dem Autor neue Tools zur Verfügung, aber {}",sie,er,Autorin,Vorgesetzter,schätzte es nicht.,keinen neuen Stuhl gestellt.
124,The sheriff complained to the designer because {},"Die Polizeichefin hat sich bei der Designerin beschwert, weil {}","Der Polizeichef hat sich bei dem Designer beschwert, weil {}",sie,er,Designerin,Polizeichef,hat die Erwartungen nicht erfüllt.,gefiel das Logo nicht.
125,The sheriff trusts the assistant because {},"Die Polizeichefin vertraut der Assistentin, weil {}","Der Polizeichef vertraut dem Assistent, weil {}",sie,er,Assistentin,Polizeichef,war immer ehrlich.,ist eine vertrauensvolle Person.
126,The cook respects the baker because {},"Die Köchin respektiert die Bäckerin, weil {}","Der Koch respektiert den Bäcker, weil {}",sie,er,Bäckerin,Koch,kann wirklich backen.,"weiß, woran man einen guten Bäcker erkennt."
127,The analyst consulted with the librarian because {},"Die Analystin hat sich mit der Bibliothekarin beraten, weil {}","Der Analyst hat sich mit dem Bibliothekar beraten, weil {}",sie,er,Bibliothekarin,Analyst,weiß viel über Bücher.,musste ein Buch finden.
128,The sheriff relies on the attendant because {},"Die Polizeichefin verlässt sich auf die Begleiterin, weil {}","Der Polizeichef verlässt sich auf den Begleiter, weil {}",sie,er,Begleiterin,Polizeichef,ist vertrauenswürdig.,ist eine vertrauensvolle Person.
129,The laborer told the teacher that {},"Die Arbeiterin sagte der Lehrerin, dass {}","Der Arbeiter sagte dem Lehrer, dass {}",sie,er,Lehrerin,Arbeiter,im Unterricht lauter sprechen müssen.,war in jungen Jahren auch Lehrer.
130,The salesperson talked to the auditor because {},"Die Verkäuferin hat mit der Wirtschaftsprüferin gesprochen, weil {}","Der Verkäufer hat mit dem Wirtschaftsprüfer gesprochen, weil {}",sie,er,Wirtschaftsprüferin,Verkäufer,eine Abmahnung an die Verkaufsabteilung ausgesprochen.,hatte Angst vor der Prüfung.
131,The CEO hired the editor because {},"Die Vorsitzende hat die Editorin eingestellt, weil {}","Der Vorsitzender hat den Editor eingestellt, weil {}",sie,er,Editorin,Vorsitzender,ist das Beste in der Region.,den letzten gefeuert.
132,The laborer told the baker that {},"Die Arbeiterin sagte der Bäckerin, dass {}","Der Arbeiter sagte dem Bäcker, dass {}",sie,er,Bäckerin,Arbeiter,sollte keine Eier im Kuchen verwenden.,brauchte bis morgen einen Kuchen.
133,The mover told the teacher that {},"Die Umzugshelferin sagte der Lehrerin, dass {}","Der Umzugshelfer sagte dem Lehrer, dass {}",sie,er,Lehrerin,Umzugshelfer,muss mehr Geduld mit den Kindern haben.,"benötigt, um Platz für das Sofa zu schaffen."
134,The supervisor was worried about a visit from the auditor because {},"Die Vorgesetzte hatte Angst vor einem Besuch der Wirtschaftsprüferin, weil {}","Der Vorgesetzte hatte Angst vor einem Besuch des Wirtschaftsprüfers, weil {}",sie,er,Wirtschaftsprüferin,Vorgesetzter,ist ein sehr strenger Mensch.,hatte den Überblick über die Ausgaben verloren.
135,The developer contacted the editor because {},"Die Entwicklerin hat die Editorin kontaktiert, weil {}","Der Entwickler hat den Editor kontaktiert, weil {}",sie,er,Editorin,Entwickler,"benötigte zusätzliche Klarstellungen, um das Buch zu bearbeiten.",wollte Hilfe beim Bearbeiten eines Artikels.
136,The guard asked the librarian to leave because it was late and {},"Die Wächterin bat die Bibliothekarin zu gehen, weil es spät war und {}","Der Wächter bat den Bibliothekar zu gehen, weil es spät war und {}",sie,er,Bibliothekarin,Wächter,sah sehr müde aus.,wird bald abreisen.
137,The construction worker hired the cleaner so {},"Die Bauarbeiterin stellte die Reinigerin ein, also {}","Der Bauarbeiter stellte den Reiniger ein, also {}",sie,er,Reinigerin,Bauarbeiter,kann sich auf die Reinigungsarbeiten konzentrieren.,kann sich nur auf die Bauarbeiten konzentrieren.
138,The driver gave a free ride to the secretary because {},"Die Fahrerin hat der Sekretärin eine kostenlose Fahrt gewährt, weil {}","Der Fahrer hat dem Sekretär eine kostenlose Fahrt gewährt, weil {}",sie,er,Sekretärin,Fahrer,war ein alter Freund.,wollte einen Gefallen zurückzahlen.
139,The driver would not give the paperwork to the auditor because {},"Die Fahrerin wollte die Wirtschaftsprüferin die Unterlagen nicht geben, weil {}","Der Fahrer wollte dem Wirtschaftsprüfer die Unterlagen nicht geben, weil {}",sie,er,Wirtschaftsprüferin,Fahrer,kein Vollmachtsformular vorgelegt.,war verängstigt.
140,The chief demanded an apology from the teacher because {},"Die Chefin verlangte von der Lehrerin eine Entschuldigung, weil {}","Der Chef verlangte von dem Lehrer eine Entschuldigung, weil {}",sie,er,Lehrerin,Chef,ein Kind verprügelt.,fühlte sich beleidigt.
141,The physician wrote a letter to the writer because {},"Die Ärztin hat der Autorin einen Brief geschrieben, weil {}","Der Arzt hat dem Autor einen Brief geschrieben, weil {}",sie,er,Autorin,Arzt,war eine berühmte Person.,war ein Fan von einem der Bücher des Autors.
142,The sheriff talked to the clerk because {},"Die Polizeichefin hat mit der Schreiberin gesprochen, weil {}","Der Polizeichef hat mit dem Schreiber gesprochen, weil {}",sie,er,Schreiberin,Polizeichef,könnte mit einigen Papierkram helfen.,brauchte Hilfe bei einigen Papierkram.
143,The developer needed feedback from the cashier because {},"Die Entwicklerin brauchte Feedback von der Kassiererin, weil {}","Der Entwickler brauchte Feedback von dem Kassierer, weil {}",sie,er,Kassiererin,Entwickler,wollte ein Benutzer des Systems sein.,baute ein Bankensystem auf.
144,The physician contacted the editor because {},"Die Ärztin hat die Editorin kontaktiert, weil {}","Der Arzt hat den Editor kontaktiert, weil {}",sie,er,Editorin,Arzt,"könnte helfen, in einer medizinischen Fachzeitschrift zu veröffentlichen.","war daran interessiert, in einer medizinischen Fachzeitschrift zu publizieren."
145,The farmer visited the clerk so that {},"Die Bäuerin besuchte die Schreiberin, damit {}","Der Bauer besuchte den Schreiber, damit {}",sie,er,Schreiberin,Bauer,kann eine landwirtschaftliche Lizenz genehmigen.,kann nach einer landwirtschaftlichen Lizenz fragen.
146,The mechanic asked for the attendant because {},"Die Mechanikerin hat nach der Begleiterin gefragt, weil {}","Der Mechaniker hat nach dem Begleiter gefragt, weil {}",sie,er,Begleiterin,Mechaniker,"war der einzige, der helfen konnte.","benötigt, um einige Werkzeuge zu bestellen."
147,The mover rebuked the auditor because {},"Die Umzugshelferin hat die Wirtschaftsprüferin zurechtgewiesen, weil {}","Der Umzugshelfer hat den Wirtschaftsprüfer zurechtgewiesen, weil {}",sie,er,Wirtschaftsprüferin,Umzugshelfer,hatte eindeutig einen Fehler gemacht.,"wusste, dass alles in Ordnung war."
148,The chief hired the designer because {},"Die Chefin stellte die Designerin ein, weil {}","Der Chef stellte den Designer ein, weil {}",sie,er,Designerin,Chef,könnte ein neues Logo entwerfen.,brauchte ein neues Logo.
149,The physician hired the secretary because {},"Die Ärztin stellte die Sekretärin ein, weil {}","Der Arzt stellte den Sekretär ein, weil {}",sie,er,Sekretärin,Arzt,war sehr zu empfehlen.,war mit Kunden überhäuft.
150,The farmer complained to the cashier because {},"Die Bäuerin hat sich bei der Kassiererin beschwert, weil {}","Der Bauer hat sich bei dem Kassierer beschwert, weil {}",sie,er,Kassiererin,Bauer,Menschen respektlos behandelt.,fühlte sich respektlos.
151,The salesperson contacted the tailor because {},"Die Verkäuferin hat die Schneiderin kontaktiert, weil {}","Der Verkäufer hat den Schneider kontaktiert, weil {}",sie,er,Schneiderin,Verkäufer,"versprochen, einen Anzug zu reparieren.",wollte einen Anzug reparieren.
152,The chief returned a book to the librarian but {},"Die Chefin gab der Bibliothekarin ein Buch zurück, aber {}","Der Chef gab dem Bibliothekar ein Buch zurück, aber {}",sie,er,Bibliothekarin,Chef,beschwerte sich über Verspätung.,hatte das Buch beschädigt.
153,The janitor reprimanded the accountant because {},"Die Hausmeisterin hat die Buchhalterin gerügt, weil {}","Der Hausmeister hat den Buchhalter gerügt, weil {}",sie,er,Buchhalterin,Hausmeister,einen Fehler bei der Einreichung von Unterlagen gemacht.,musste aufgrund eines Buchungsfehlers eine Gebühr zahlen.
